,From former territories,Within own borders
Indonesia,22.170338531,0.0
Netherlands,0.0,12.648446693311813
Curaçao,0.5824904164242427,0.0
Suriname,0.0790987913333298,0.0
